{
  "intrinsics": {
    "fx": 606.8172607421875,
    "fy": 606.9182739257812,
    "cx": 329.3149108886719,
    "cy": 242.16009521484375
  },
  "extrinsics": {
    "tx": 0.38873376703620505,
    "ty": 1.3744301282463705,
    "tz": 2.0,
    "yaw_deg": -37.347165799663536,
    "pitch_deg": 0.13224409750896973,
    "roll_deg": 35.97753363820752
  },
  "rt_matrix": [
    [
      0.7949722451080948,
      0.4920022287517513,
      -0.35489848747367814,
      0.38873376703620505
    ],
    [
      0.0023080928685406624,
      -0.5874664170461188,
      -0.8092452542649267,
      1.3744301282463705
    ],
    [
      -0.6066414115563702,
      0.6425083779580659,
      -0.46815508332024947,
      2.0
    ],
    [
      0.0,
      0.0,
      0.0,
      1.0
    ]
  ]
}
