{
  "intrinsics": {
    "fx": 606.8172607421875,
    "fy": 606.9182739257812,
    "cx": 329.3149108886719,
    "cy": 242.16009521484375
  },
  "extrinsics": {
    "tx": 0.0,
    "ty": 0.06,
    "tz": 0.0,
    "yaw_deg": 0.0,
    "pitch_deg": 0.0,
    "roll_deg": 0.0
  },
  "rt_matrix": [
    [
      1.0,
      0.0,
      0.0,
      0.0
    ],
    [
      0.0,
      0.0,
      -1.0,
      0.06
    ],
    [
      0.0,
      1.0,
      0.0,
      0.0
    ],
    [
      0.0,
      0.0,
      0.0,
      1.0
    ]
  ]
}